1;Certid√£o de Cadastramento Imobili√°rio;http://servicos.guarulhos.sp.gov.br:8080/portalGuarulhos/TesteServico.do?id_servico=193;https://fazenda.guarulhos.sp.gov.br/ords/guarulho/f?p=628:20:11182781408928::NO:20
2;Certid√£o de Cadastro Fiscal de Publicidade;http://servicos.guarulhos.sp.gov.br:8080/portalGuarulhos/TesteServico.do?id_servico=211326;https://fazenda.guarulhos.sp.gov.br/ords/guarulho/f?p=628:20:11182781408928::NO:20
3;Certid√£o de Inscri√ß√£o ou de n√£o Inscri√ß√£o;http://servicos.guarulhos.sp.gov.br:8080/portalGuarulhos/TesteServico.do?id_servico=687;https://fazenda.guarulhos.sp.gov.br/ords/guarulho/f?p=628:20:1385688253135::NO:20
4;Certid√£o de Lan√ßamento Tribut√°rio(de 1996 ao exerc√≠cio atual);http://servicos.guarulhos.sp.gov.br:8080/portalGuarulhos/TesteServico.do?id_servico=608;https://fazenda.guarulhos.sp.gov.br/ords/guarulho/f?p=628:20:1385688253135::NO:20
5;Certid√£o de Numera√ß√£o;http://servicos.guarulhos.sp.gov.br:8080/portalGuarulhos/TesteServico.do?id_servico=494;https://fazenda.guarulhos.sp.gov.br/ords/guarulho/f?p=628:20:1385688253135::NO:20
6;Certid√£o de Pagamento de Tributos Mobili√°rios;http://servicos.guarulhos.sp.gov.br:8080/portalGuarulhos/TesteServico.do?id_servico=100891;https://fazenda.guarulhos.sp.gov.br/ords/guarulho/f?p=628:20:11182781408928::NO:20
7;Certid√£o de Tributos Imobili√°rios;http://servicos.guarulhos.sp.gov.br:8080/portalGuarulhos/TesteServico.do?id_servico=605;https://fazenda.guarulhos.sp.gov.br/ords/guarulho/f?p=843:LOGIN_DESKTOP::::::
8;Certid√£o de Tributos Mobili√°rios;http://servicos.guarulhos.sp.gov.br:8080/portalGuarulhos/TesteServico.do?id_servico=473;https://fazenda.guarulhos.sp.gov.br/ords/guarulho/f?p=628:20:9246462703286::NO:20
9;Certid√£o de Valores Pagos;http://servicos.guarulhos.sp.gov.br:8080/portalGuarulhos/TesteServico.do?id_servico=827;https://fazenda.guarulhos.sp.gov.br/ords/guarulho/f?p=628:20:9246462703286::NO:20
10;Certid√£o de valor venal referente aos lan√ßamentos de 1996, 1998 ao exerc√≠cio atual;http://servicos.guarulhos.sp.gov.br:8080/portalGuarulhos/TesteServico.do?id_servico=491;https://fazenda.guarulhos.sp.gov.br/ords/guarulho/f?p=628:20:9246462703286::NO:20
11;Certid√£o Negativa de d√©bitos por inexist√™ncia de Cadastramento Imobili√°rio;http://servicos.guarulhos.sp.gov.br:8080/portalGuarulhos/TesteServico.do?id_servico=615;https://fazenda.guarulhos.sp.gov.br/ords/guarulho/f?p=628:20:9246462703286::NO:20
12;Certid√£o Negativa de d√©bitos por inexist√™ncia de Cadastro Mobili√°rio;http://servicos.guarulhos.sp.gov.br:8080/portalGuarulhos/TesteServico.do?id_servico=883;https://fazenda.guarulhos.sp.gov.br/ords/guarulho/f?p=628:20:9246462703286::NO:20
13;Certid√£o Negativa Mobili√°ria de Empreiteiros dos Cemit√©rios P√∫blicos para Renova√ß√£o de Contrato.;http://servicos.guarulhos.sp.gov.br:8080/portalGuarulhos/TesteServico.do?id_servico=210891;https://fazenda.guarulhos.sp.gov.br/ords/guarulho/f?p=628:20:9246462703286::NO:20